pickup_zip,dropoff_zip,trip_distance
7002,7002,1.595
7030,7030,6.3
7087,11231,8.67
7310,7310,0.0
7737,7758,2.92
8876,8876,0.0
10001,7304,13.37
10001,10001,0.7402777777777778
10001,10002,2.31
10001,10003,1.1922580645161291
10001,10005,4.48
10001,10006,3.5575
10001,10007,2.665
10001,10009,1.3031250000000003
10001,10011,0.9761538461538461
10001,10012,1.8734375000000005
10001,10013,2.485
10001,10014,1.443076923076923
10001,10016,0.8800000000000001
10001,10017,1.1316666666666666
10001,10018,1.2247826086956521
10001,10019,2.22125
10001,10020,1.0716666666666665
10001,10021,2.8417647058823525
10001,10022,1.8252941176470592
10001,10023,3.436666666666667
10001,10025,4.79
10001,10026,5.65
10001,10028,3.642142857142857
10001,10029,3.9116666666666666
10001,10031,7.86
10001,10032,8.5
10001,10034,9.973333333333333
10001,10035,4.855
10001,10037,6.733333333333333
10001,10039,6.59
10001,10044,3.48
10001,10065,2.2
10001,10069,2.9575
10001,10103,1.4147826086956525
10001,10110,0.8513157894736842
10001,10111,1.2428571428571427
10001,10112,1.1
10001,10119,0.7000000000000001
10001,10153,1.6740000000000002
10001,10154,2.0
10001,10162,3.4
10001,10167,1.025
10001,10171,1.3599999999999997
10001,10199,1.139090909090909
10001,10271,4.4624999999999995
10001,10278,2.552
10001,10280,4.133333333333334
10001,10282,4.156666666666667
10001,10452,8.02
10001,10463,11.9
10001,10474,8.39
10001,11101,4.2
10001,11102,5.24
10001,11104,4.23
10001,11109,3.29
10001,11201,4.4350000000000005
10001,11206,6.275
10001,11210,11.96
10001,11211,5.095
10001,11212,9.33
10001,11215,7.25
10001,11217,5.9
10001,11218,8.6
10001,11222,5.182
10001,11231,6.7
10001,11233,6.55
10001,11355,12.0
10001,11366,13.1
10001,11371,9.963333333333333
10001,11372,7.2
10001,11373,6.7
10001,11377,4.48
10001,11422,17.07111111111111
10002,10001,2.3283333333333336
10002,10002,0.855
10002,10003,0.961818181818182
10002,10005,2.0100000000000002
10002,10006,3.08
10002,10007,1.185
10002,10009,1.13
10002,10011,1.9166666666666667
10002,10012,0.9180952380952383
10002,10013,1.45
10002,10014,1.8633333333333333
10002,10016,1.5875000000000001
10002,10017,2.332727272727273
10002,10018,3.7266666666666666
10002,10019,4.7
10002,10021,4.546
10002,10022,3.75
10002,10023,5.8
10002,10025,7.79
10002,10026,5.83
10002,10027,8.35
10002,10028,5.66
10002,10029,5.9
10002,10031,10.76
10002,10032,10.723333333333334
10002,10035,6.6850000000000005
10002,10037,8.22
10002,10038,1.0825
10002,10039,10.3
10002,10044,5.01
10002,10065,4.02
10002,10069,4.949999999999999
10002,10103,3.9299999999999997
10002,10110,2.805
10002,10111,3.25
10002,10115,8.65
10002,10119,2.89
10002,10152,3.0
10002,10153,4.66
10002,10154,2.95
10002,10162,7.5
10002,10167,2.99
10002,10171,3.1
10002,10199,3.07375
10002,10271,2.405
10002,10278,1.1116666666666666
10002,10280,2.16
10002,10282,1.835
10002,10468,14.1
10002,11101,5.3
10002,11102,9.4
10002,11103,7.495
10002,11105,8.1
10002,11201,2.8
10002,11205,2.475
10002,11206,3.228
10002,11209,10.97
10002,11211,2.8158333333333334
10002,11215,5.525
10002,11216,3.8375000000000004
10002,11217,3.615
10002,11221,4.35
10002,11222,3.5033333333333334
10002,11231,4.41
10002,11237,4.405
10002,11238,4.125
10002,11368,8.8
10002,11373,10.99
10002,11377,8.7
10002,11422,19.99
10003,10001,1.1604545454545454
10003,10002,1.282857142857143
10003,10003,0.6782978723404256
10003,10005,3.1660000000000004
10003,10006,3.4899999999999998
10003,10007,1.7999999999999998
10003,10009,0.8327999999999998
10003,10011,0.9228846153846152
10003,10012,0.9870370370370372
10003,10013,1.8244444444444443
10003,10014,1.1568749999999999
10003,10016,1.2264285714285712
10003,10017,1.5120000000000002
10003,10018,3.188
10003,10019,3.636
10003,10020,2.35
10003,10021,3.55
10003,10022,2.2779999999999996
10003,10023,4.308999999999999
10003,10025,5.765000000000001
10003,10026,6.6
10003,10027,6.655
10003,10028,4.246666666666667
10003,10030,7.7
10003,10031,7.5
10003,10032,10.605
10003,10035,5.4
10003,10037,7.35
10003,10038,3.495
10003,10039,8.8
10003,10044,3.8521428571428573
10003,10065,2.8200000000000003
10003,10069,4.105
10003,10103,2.5749999999999997
10003,10110,1.616111111111111
10003,10111,3.0
10003,10112,2.89
10003,10119,1.7842857142857143
10003,10152,2.33
10003,10153,2.344
10003,10154,2.1559999999999997
10003,10162,6.47
10003,10167,1.9933333333333334
10003,10171,2.0780000000000003
10003,10199,2.383
10003,10271,1.7
10003,10278,1.48
10003,10280,4.49
10003,10282,3.1316666666666664
10003,10465,14.0
10003,10470,15.94
10003,11102,5.87
10003,11103,5.92
10003,11105,7.6
10003,11106,5.34
10003,11109,3.5
10003,11201,3.3979999999999997
10003,11204,11.09
10003,11205,4.9
10003,11206,4.0
10003,11211,3.5158333333333336
10003,11212,7.32
10003,11214,16.85
10003,11215,5.456666666666667
10003,11216,6.04
10003,11217,4.5
10003,11219,7.7
10003,11220,9.58
10003,11221,5.1
10003,11222,4.45
10003,11225,5.946666666666668
10003,11226,6.02
10003,11231,4.955
10003,11237,6.1
10003,11238,4.95
10003,11355,12.68
10003,11368,11.3
10003,11371,10.002857142857144
10003,11372,7.46
10003,11379,8.4
10003,11422,16.6
10005,10001,4.57
10005,10002,1.24
10005,10005,0.4
10005,10006,0.34
10005,10009,2.9475
10005,10011,4.2
10005,10012,1.9
10005,10013,1.96
10005,10016,3.9699999999999998
10005,10017,4.433333333333333
10005,10018,4.3
10005,10019,6.005000000000001
10005,10020,5.433333333333334
10005,10022,5.55
10005,10028,7.3
10005,10029,7.73
10005,10038,0.705
10005,10044,6.015000000000001
10005,10065,6.28
10005,10103,5.96
10005,10110,3.7
10005,10119,5.4
10005,10153,5.99
10005,10278,1.23
10005,10282,1.7
10005,11201,2.15
10005,11211,4.1
10005,11215,4.3
10005,11231,3.5
10005,11238,4.75
10005,11371,14.56
10005,11422,20.8
10006,10001,3.55
10006,10002,2.835
10006,10003,4.0
10006,10006,0.6
10006,10009,4.1
10006,10011,2.844
10006,10012,1.8
10006,10013,0.9700000000000001
10006,10014,2.9433333333333334
10006,10016,4.72
10006,10017,5.173333333333333
10006,10018,4.42
10006,10019,5.543333333333334
10006,10020,5.35
10006,10022,6.51
10006,10023,6.2
10006,10025,8.11
10006,10028,7.38
10006,10029,8.6
10006,10038,0.92
10006,10069,6.01
10006,10110,4.6
10006,10119,4.2
10006,10199,3.6
10006,10271,0.74
10006,10278,1.8933333333333333
10006,10282,0.9
10006,11201,2.99
10006,11206,4.98
10006,11209,10.37
10006,11218,8.47
10006,11371,13.55
10007,7114,13.3
10007,10002,1.5
10007,10003,1.75
10007,10006,0.9133333333333334
10007,10007,9.6
10007,10009,3.05
10007,10011,2.36
10007,10012,0.9675
10007,10013,1.3
10007,10014,1.7399999999999998
10007,10016,3.8
10007,10018,3.7975
10007,10020,3.14
10007,10021,7.199999999999999
10007,10022,4.885
10007,10025,7.22
10007,10028,5.7
10007,10065,4.92
10007,10069,5.975
10007,10103,6.3
10007,10110,3.12
10007,10111,5.8
10007,10153,4.525
10007,10154,4.14
10007,10162,6.085
10007,10167,5.31
10007,10171,5.175
10007,10199,3.025
10007,10271,0.955
10007,10278,0.9
10007,10280,1.0
10007,10282,0.26
10007,11109,6.72
10007,11201,2.165
10007,11205,3.55
10007,11206,5.0
10007,11211,3.2
10007,11217,3.1799999999999997
10007,11225,5.44
10007,11238,4.3
10009,10001,1.2756521739130433
10009,10002,1.145
10009,10003,0.8287804878048783
10009,10005,3.5733333333333337
10009,10006,3.45
10009,10007,3.4699999999999998
10009,10009,0.6918181818181819
10009,10011,1.4738095238095237
10009,10012,1.4333333333333331
10009,10014,1.9083333333333332
10009,10016,0.6154545454545454
10009,10017,1.1090909090909093
10009,10018,2.76
10009,10019,3.46
10009,10021,3.024
10009,10022,1.7971428571428572
10009,10023,4.196666666666666
10009,10025,6.16
10009,10026,7.9
10009,10028,3.8666666666666667
10009,10029,4.616666666666666
10009,10032,9.76
10009,10035,5.13
10009,10044,3.1
10009,10065,2.7239999999999998
10009,10069,4.34
10009,10103,2.785
10009,10110,1.65875
10009,10111,2.0549999999999997
10009,10119,1.78
10009,10153,2.88
10009,10167,1.3333333333333333
10009,10171,1.6666666666666667
10009,10199,2.4933333333333336
10009,10271,3.5650000000000004
10009,10278,1.955
10009,10280,4.695
10009,10282,5.11
10009,10455,7.5
10009,10468,11.52
10009,11050,25.55
10009,11103,6.703333333333333
10009,11106,4.96
10009,11201,5.2
10009,11205,4.54
10009,11206,3.825
10009,11211,4.11
10009,11215,7.93
10009,11217,4.8
10009,11222,4.72
10009,11228,11.72
10009,11238,5.55
10009,11371,9.81
10009,11372,6.55
10009,11377,6.716666666666666
10009,11421,17.47
10009,11422,16.556666666666665
10009,11430,15.0
10009,11436,15.98
10011,7114,18.1
10011,7201,13.0
10011,10001,1.0470588235294116
10011,10002,2.0149999999999992
10011,10003,1.0238461538461536
10011,10006,3.6
10011,10007,1.9774999999999996
10011,10009,1.4444000000000004
10011,10011,0.7509090909090909
10011,10012,1.1047500000000001
10011,10013,1.4407692307692308
10011,10014,0.8217857142857142
10011,10016,1.7225000000000001
10011,10017,1.8533333333333333
10011,10018,1.7578947368421052
10011,10019,2.7775
10011,10020,1.873333333333333
10011,10021,3.764444444444445
10011,10022,3.0357142857142856
10011,10023,3.52
10011,10025,4.806666666666667
10011,10026,6.1
10011,10028,4.655
10011,10029,5.14
10011,10032,7.81
10011,10044,4.1000000000000005
10011,10065,3.3989999999999996
10011,10069,3.135
10011,10103,2.1237500000000002
10011,10110,1.5850000000000002
10011,10111,2.3433333333333333
10011,10119,1.093809523809524
10011,10152,2.35
10011,10153,2.17
10011,10154,2.5
10011,10162,4.63
10011,10167,1.9500000000000002
10011,10171,1.89
10011,10199,1.05
10011,10271,2.575
10011,10278,2.1233333333333335
10011,10280,3.1933333333333334
10011,10282,2.068
10011,10306,18.47
10011,10459,10.1
10011,10460,12.99
10011,10468,11.13
10011,11102,6.4
10011,11104,5.4
10011,11106,5.2
10011,11201,5.246
10011,11205,4.7
10011,11206,4.785
10011,11209,10.726666666666667
10011,11210,12.4
10011,11211,4.534000000000001
10011,11215,5.675
10011,11216,8.08
10011,11217,6.4
10011,11218,7.92
10011,11220,10.200000000000001
10011,11222,6.73
10011,11225,9.45
10011,11229,12.8
10011,11233,6.8
10011,11237,6.3
10011,11238,7.8100000000000005
10011,11371,10.25
10011,11372,7.75
10011,11374,11.42
10011,11422,17.256666666666668
10012,7114,14.73
10012,10001,1.887692307692308
10012,10002,1.1529166666666668
10012,10003,1.0571428571428572
10012,10005,1.79
10012,10006,1.5
10012,10007,1.06
10012,10009,1.6705263157894736
10012,10011,1.0256
10012,10012,0.52275
10012,10013,1.0010000000000001
10012,10014,1.2413333333333334
10012,10016,2.1
10012,10017,2.4318181818181817
10012,10018,3.017272727272727
10012,10019,4.12
10012,10020,2.6666666666666665
10012,10021,4.220000000000001
10012,10022,3.276
10012,10023,4.614999999999999
10012,10028,5.177999999999999
10012,10029,5.88
10012,10031,9.41
10012,10032,10.5
10012,10034,11.64
10012,10038,2.0949999999999998
10012,10044,4.755000000000001
10012,10065,4.283333333333334
10012,10069,4.6
10012,10103,2.978888888888889
10012,10110,2.2930769230769226
10012,10111,2.705
10012,10119,2.2325
10012,10153,3.17
10012,10154,3.5
10012,10167,2.8
10012,10171,2.75
10012,10199,2.4207692307692303
10012,10271,2.61
10012,10278,1.081
10012,10280,2.146
10012,10282,1.5962500000000002
10012,11101,5.93
10012,11104,6.6
10012,11106,8.11
10012,11109,5.52
10012,11201,2.78375
10012,11205,2.473333333333333
10012,11206,4.733333333333333
10012,11209,11.08
10012,11210,9.03
10012,11211,2.7800000000000002
10012,11215,5.233333333333333
10012,11217,3.2000000000000006
10012,11218,7.94
10012,11222,4.926666666666667
10012,11224,14.86
10012,11226,8.72
10012,11231,5.8
10012,11237,5.41
10012,11238,5.07
10012,11363,17.42
10012,11371,10.765
10012,11375,12.1
10012,11377,7.0
10013,7008,20.85
10013,7114,12.94
10013,7302,3.51
10013,10001,2.6466666666666665
10013,10002,1.3314285714285714
10013,10003,1.7899999999999998
10013,10005,1.755
10013,10006,1.3133333333333335
10013,10007,0.7185714285714286
10013,10009,3.34
10013,10011,1.5899999999999999
10013,10012,0.9629999999999999
10013,10013,0.5800000000000001
10013,10014,1.6600000000000001
10013,10016,3.0
10013,10017,3.78
10013,10018,3.2459999999999996
10013,10019,3.3
10013,10020,2.96
10013,10029,6.995
10013,10038,1.145
10013,10065,7.7
10013,10103,3.47
10013,10110,3.1
10013,10111,3.91
10013,10119,2.67
10013,10153,4.295
10013,10199,2.7800000000000002
10013,10271,1.0
10013,10278,0.765
10013,10280,1.01
10013,10282,0.9775
10013,11103,6.9
10013,11201,2.74
10013,11205,2.8
10013,11206,4.8
10013,11210,10.13
10013,11211,4.08
10013,11215,4.904999999999999
10013,11219,7.1
10013,11222,4.1
10013,11238,5.05
10013,11371,10.4
10013,11422,16.7
10013,11430,14.4
10014,10001,1.5190000000000001
10014,10002,2.8225000000000002
10014,10003,1.321764705882353
10014,10005,3.205
10014,10007,1.71
10014,10009,1.7912500000000002
10014,10011,0.7128571428571429
10014,10012,1.168
10014,10013,1.5183333333333335
10014,10014,0.782
10014,10016,2.35
10014,10017,2.6025
10014,10018,1.9588888888888887
10014,10019,2.8333333333333335
10014,10021,4.533333333333333
10014,10023,3.28
10014,10025,6.0
10014,10028,5.68
10014,10029,6.15
10014,10030,7.6
10014,10032,9.0
10014,10035,6.66
10014,10038,3.375
10014,10044,5.01
10014,10065,3.74
10014,10103,2.71
10014,10110,2.442222222222222
10014,10111,2.8
10014,10119,1.3950000000000002
10014,10152,3.16
10014,10153,3.096666666666667
10014,10154,3.0700000000000003
10014,10162,4.84
10014,10167,2.39
10014,10199,1.1142857142857143
10014,10271,3.2
10014,10278,1.9666666666666668
10014,10282,1.8349999999999997
10014,11102,7.22
10014,11106,6.1
10014,11201,3.72
10014,11205,4.8
10014,11206,5.36
10014,11211,4.9399999999999995
10014,11218,7.55
10014,11220,9.55
10014,11222,5.425000000000001
10014,11225,6.73
10014,11231,6.0
10014,11235,16.7
10014,11378,8.9
10016,10001,0.905
10016,10002,2.24
10016,10003,1.0466666666666666
10016,10009,1.122
10016,10011,1.4333333333333336
10016,10012,1.95
10016,10016,0.9
10016,10017,0.7419999999999999
10016,10019,2.5
10016,10020,2.2
10016,10022,1.835
10016,10028,3.14
10016,10029,3.5
10016,10044,2.04
10016,10065,1.75
10016,10110,0.8900000000000001
10016,10112,1.68
10016,10119,1.216
10016,10153,2.04
10016,10154,1.405
10016,10167,1.2
10016,10171,1.2349999999999999
10016,10199,1.23
10016,10282,5.57
10016,10454,6.3
10016,11102,5.39
10016,11109,3.32
10016,11211,4.6
10016,11238,7.7
10016,11371,9.395
10016,11416,9.58
10017,7030,5.25
10017,7114,18.06
10017,7423,24.49
10017,10001,1.0884615384615386
10017,10002,3.0729999999999995
10017,10003,1.428421052631579
10017,10005,4.2
10017,10006,5.25
10017,10009,1.5258333333333332
10017,10011,2.0828571428571427
10017,10012,2.5100000000000002
10017,10013,5.2
10017,10014,2.448571428571429
10017,10016,0.855
10017,10017,0.8395454545454547
10017,10018,1.2033333333333334
10017,10019,2.255714285714286
10017,10020,1.2337500000000001
10017,10021,1.8338461538461535
10017,10022,1.0472727272727276
10017,10023,3.07
10017,10026,4.0
10017,10027,6.11
10017,10028,2.6118181818181814
10017,10029,2.76
10017,10032,8.83
10017,10035,4.4
10017,10038,4.52
10017,10044,2.31
10017,10065,1.655
10017,10069,3.8
10017,10103,1.2625
10017,10110,0.7872222222222223
10017,10111,1.4
10017,10119,1.1426315789473682
10017,10152,0.8616666666666667
10017,10153,1.3233333333333333
10017,10154,0.8479999999999999
10017,10162,3.86
10017,10167,0.6933333333333334
10017,10171,0.7799999999999999
10017,10199,1.205
10017,10271,5.0
10017,10278,3.7024999999999997
10017,10452,7.55
10017,11102,4.449999999999999
10017,11103,4.5
10017,11104,3.7
10017,11105,5.28
10017,11109,1.99
10017,11201,6.3
10017,11219,12.56
10017,11231,6.76
10017,11233,8.0
10017,11354,10.7
10017,11371,11.08
10017,11372,5.7
10017,11373,5.61
10017,11375,9.1
10017,11377,5.2
10017,11412,18.2
10017,11422,15.7
10017,11424,10.8
10018,7114,16.45
10018,10001,1.3063999999999998
10018,10002,3.395
10018,10003,2.6154545454545453
10018,10005,6.3
10018,10006,6.4
10018,10009,2.846
10018,10011,1.7682352941176471
10018,10012,2.8146666666666667
10018,10013,3.178
10018,10014,2.0449999999999995
10018,10017,1.3383333333333332
10018,10018,0.7951851851851853
10018,10019,0.8931999999999999
10018,10020,0.7289999999999999
10018,10021,2.5586666666666673
10018,10022,1.4188888888888889
10018,10023,1.5247826086956522
10018,10025,3.026666666666667
10018,10026,4.19
10018,10027,5.61
10018,10028,3.224
10018,10029,3.35
10018,10030,5.800000000000001
10018,10031,5.83
10018,10032,7.7
10018,10035,4.59
10018,10038,7.37
10018,10039,6.835
10018,10044,2.5975
10018,10065,1.9149999999999998
10018,10069,1.57
10018,10103,0.9871428571428572
10018,10110,1.0111111111111113
10018,10111,1.122857142857143
10018,10112,0.3
10018,10119,0.9860869565217392
10018,10152,1.3499999999999999
10018,10153,1.3987499999999997
10018,10154,1.31
10018,10162,2.768888888888889
10018,10167,1.4433333333333336
10018,10171,1.1342857142857143
10018,10199,0.9753125
10018,10271,5.25
10018,10280,4.586666666666667
10018,10282,4.260000000000001
10018,10301,17.21
10018,10452,8.684999999999999
10018,10606,26.3
10018,11101,3.49
10018,11102,5.75
10018,11103,4.766666666666667
10018,11104,4.640000000000001
10018,11105,5.665
10018,11106,4.11
10018,11109,4.395
10018,11201,7.44
10018,11206,7.3
10018,11207,8.9
10018,11211,6.9575
10018,11215,7.975
10018,11217,8.3
10018,11218,9.2
10018,11221,8.25
10018,11222,6.805
10018,11225,9.1
10018,11231,6.853333333333334
10018,11237,8.59
10018,11370,10.8
10018,11371,11.5475
10018,11377,5.17
10018,11422,17.5425
10018,11424,11.5
10018,11430,15.6
10019,7114,16.1
10019,7311,6.4
10019,10001,1.9544444444444444
10019,10002,4.75
10019,10003,4.833333333333333
10019,10006,4.8
10019,10009,3.7285714285714286
10019,10011,2.394444444444444
10019,10012,3.93
10019,10013,4.5
10019,10014,2.152
10019,10017,2.1166666666666667
10019,10018,0.8621052631578947
10019,10019,0.6506666666666666
10019,10020,0.8300000000000001
10019,10021,2.0344444444444445
10019,10022,1.326
10019,10023,1.1205263157894734
10019,10025,2.5125
10019,10026,3.0999999999999996
10019,10027,2.71
10019,10028,2.6749999999999994
10019,10029,2.76
10019,10032,13.8
10019,10037,4.2
10019,10044,3.95
10019,10065,1.9125
10019,10069,0.735
10019,10103,0.8624999999999998
10019,10110,1.7562499999999996
10019,10111,1.4
10019,10115,2.98
10019,10119,1.7374999999999998
10019,10153,1.15
10019,10154,1.44
10019,10162,1.895
10019,10171,1.1
10019,10199,1.4377777777777778
10019,10278,4.56
10019,10452,8.7
10019,11102,9.6
10019,11104,4.285
10019,11211,7.4350000000000005
10019,11217,7.62
10019,11226,11.5
10019,11372,7.0
10019,11422,16.65
10019,11435,12.69
10020,10001,1.217037037037037
10020,10002,3.74
10020,10003,2.195
10020,10005,5.91
10020,10006,4.71
10020,10009,3.0933333333333337
10020,10011,1.6942857142857146
10020,10012,3.14
10020,10013,3.75
10020,10014,2.25
10020,10016,2.0700000000000003
10020,10017,1.4614285714285715
10020,10018,0.6366666666666667
10020,10019,0.84625
10020,10020,0.5
10020,10021,2.0999999999999996
10020,10022,1.2075
10020,10023,1.815
10020,10025,3.3
10020,10027,5.36
10020,10028,2.682
10020,10029,3.4
10020,10032,6.7
10020,10034,7.9
10020,10035,4.08
10020,10038,5.775
10020,10039,6.65
10020,10044,2.4366666666666665
10020,10065,1.46
10020,10069,1.57
10020,10103,0.6983333333333334
10020,10110,0.8122222222222223
10020,10111,0.6
10020,10119,0.9629999999999999
10020,10152,0.8
10020,10153,1.15
10020,10154,0.9075
10020,10162,2.55625
10020,10167,0.835
10020,10171,1.0033333333333334
10020,10199,1.4140000000000001
10020,10271,4.1
10020,10280,5.26
10020,10282,4.95
10020,11103,4.69
10020,11211,6.296666666666667
10020,11231,8.1
10020,11238,7.7
10020,11370,10.29
10020,11371,11.7225
10020,11372,6.4
10020,11422,17.356
10021,7114,19.3
10021,10001,2.8408333333333338
10021,10002,4.9
10021,10003,3.3999999999999995
10021,10006,7.723333333333334
10021,10009,3.6475
10021,10011,3.7477777777777774
10021,10012,4.3133333333333335
10021,10013,2.2
10021,10014,4.3
10021,10016,2.1166666666666667
10021,10017,1.8540000000000003
10021,10018,2.715
10021,10019,2.094
10021,10020,1.9657142857142857
10021,10021,0.622452830188679
10021,10022,1.171111111111111
10021,10023,1.678787878787879
10021,10025,2.62
10021,10026,3.09
10021,10027,3.5625
10021,10028,0.9166101694915254
10021,10029,1.2585714285714287
10021,10030,3.61
10021,10032,7.0
10021,10035,2.7
10021,10044,0.7259090909090908
10021,10065,0.758611111111111
10021,10069,1.83
10021,10103,1.6054545454545455
10021,10110,2.268421052631579
10021,10111,1.7950000000000002
10021,10119,3.46625
10021,10152,1.372857142857143
10021,10153,1.239130434782609
10021,10154,1.5837500000000002
10021,10162,1.684
10021,10167,1.9280000000000002
10021,10171,1.5849999999999997
10021,10199,3.5516666666666663
10021,10271,7.223333333333334
10021,10280,8.1
10021,10282,8.14
10021,10454,3.73
10021,10470,13.2
10021,10475,12.59
10021,11102,4.0
10021,11211,6.84
10021,11215,10.46
10021,11238,9.7
10021,11371,9.5
10021,11422,19.369999999999997
10022,10001,1.8809999999999998
10022,10002,3.812
10022,10003,2.2546666666666666
10022,10005,5.8149999999999995
10022,10009,1.7120000000000002
10022,10011,2.8099999999999996
10022,10012,3.1
10022,10013,4.4
10022,10014,3.1
10022,10016,1.3050000000000002
10022,10017,0.988125
10022,10018,1.67
10022,10019,1.342
10022,10020,0.9
10022,10021,1.3523809523809527
10022,10022,1.3262499999999997
10022,10023,1.9577777777777774
10022,10026,3.82
10022,10028,1.8953846153846157
10022,10029,2.6799999999999997
10022,10030,4.65
10022,10037,6.05
10022,10039,7.3
10022,10044,1.4316666666666666
10022,10065,0.615
10022,10069,2.1383333333333336
10022,10103,0.8533333333333333
10022,10110,1.2016666666666669
10022,10111,0.6
10022,10119,1.8333333333333333
10022,10152,0.61
10022,10153,0.6950000000000001
10022,10154,0.41500000000000004
10022,10167,0.6575
10022,10171,0.59
10022,10199,2.51
10022,10271,6.4
10022,10282,7.91
10022,10468,10.52
10022,11102,3.2
10022,11103,4.245
10022,11201,7.07
10022,11205,5.713333333333334
10022,11211,7.9
10022,11231,8.1
10022,11370,7.7
10022,11373,5.38
10022,11374,8.0
10022,11375,9.6
10022,11385,7.62
10022,11422,15.23
10023,7114,17.35
10023,10001,3.1050000000000004
10023,10002,6.6
10023,10003,4.255
10023,10006,5.98
10023,10009,4.486
10023,10011,3.6740000000000004
10023,10012,4.593333333333334
10023,10013,4.2
10023,10014,3.5999999999999996
10023,10017,3.0666666666666664
10023,10018,1.5373333333333332
10023,10019,0.9904761904761903
10023,10020,1.698
10023,10021,1.618709677419355
10023,10022,1.8525000000000003
10023,10023,0.7424999999999998
10023,10024,1.855
10023,10025,1.237142857142857
10023,10026,2.442857142857143
10023,10027,2.862
10023,10028,1.9583333333333333
10023,10029,2.018
10023,10031,3.9
10023,10032,5.9825
10023,10034,8.0
10023,10035,3.1
10023,10037,3.4050000000000002
10023,10039,5.0
10023,10044,2.0575
10023,10065,1.7341666666666669
10023,10069,0.9069230769230769
10023,10103,1.46625
10023,10110,2.6481818181818184
10023,10111,1.6181818181818182
10023,10112,1.685
10023,10115,1.9633333333333332
10023,10119,2.358
10023,10152,2.3499999999999996
10023,10153,1.4464285714285716
10023,10154,2.0566666666666666
10023,10162,1.0702083333333334
10023,10167,1.9100000000000001
10023,10171,1.9375
10023,10199,2.2266666666666666
10023,10280,5.7
10023,11102,5.69
10023,11221,10.17
10023,11226,14.3
10023,11411,20.83
10023,11422,20.4
10023,11436,20.13
10025,10001,3.38
10025,10003,5.07
10025,10012,6.31
10025,10014,5.0
10025,10017,4.73
10025,10018,4.36
10025,10019,2.45
10025,10020,3.35
10025,10021,2.0375
10025,10022,3.24
10025,10023,1.2154545454545458
10025,10024,1.0
10025,10025,0.548
10025,10026,1.1824999999999999
10025,10027,1.0912499999999998
10025,10028,2.07375
10025,10029,1.577142857142857
10025,10031,2.3000000000000003
10025,10032,4.47
10025,10034,4.53
10025,10037,2.0966666666666662
10025,10039,2.3
10025,10069,2.1
10025,10103,2.4
10025,10111,3.33
10025,10115,1.2633333333333334
10025,10153,3.1
10025,10162,0.8593333333333334
10025,10199,4.76
10025,10452,5.4
10025,10453,5.7
10025,10462,9.6
10025,10472,9.08
10025,10474,5.48
10025,11222,9.27
10025,11371,9.2
10025,11377,6.8
10025,11422,19.674999999999997
10026,10014,5.25
10026,10017,5.1
10026,10022,3.49
10026,10023,2.8875
10026,10025,0.932
10026,10026,1.1
10026,10027,0.7250000000000001
10026,10028,1.85
10026,10029,1.4924999999999997
10026,10032,4.36
10026,10034,6.07
10026,10035,0.82
10026,10037,0.88
10026,10103,3.98
10026,10110,3.7
10026,10162,1.17
10026,10463,6.99
10026,10468,6.69
10027,10001,4.9
10027,10018,4.3
10027,10023,2.42
10027,10024,1.3
10027,10025,1.265
10027,10026,1.0050000000000001
10027,10027,2.52
10027,10028,3.47
10027,10029,2.83
10027,10030,1.1
10027,10031,1.7999999999999998
10027,10034,3.5
10027,10035,1.4
10027,10037,1.2
10027,10115,0.4
10027,10119,6.28
10027,10152,4.7
10027,10162,1.65
10027,10199,6.0
10027,11201,10.5
10027,11371,8.05
10028,7024,7.88
10028,7114,19.505000000000003
10028,10001,3.637777777777778
10028,10002,6.2
10028,10003,4.005
10028,10009,3.3033333333333332
10028,10011,4.6275
10028,10012,6.6
10028,10013,6.553333333333334
10028,10014,5.3
10028,10017,2.512857142857143
10028,10018,3.17
10028,10019,2.828333333333333
10028,10020,2.785
10028,10021,0.8143103448275861
10028,10022,1.8855555555555554
10028,10023,1.743157894736842
10028,10025,1.98
10028,10026,2.84
10028,10028,0.6510144927536236
10028,10029,0.7771428571428574
10028,10030,3.3260000000000005
10028,10032,5.949999999999999
10028,10034,7.4
10028,10035,2.01
10028,10037,2.283333333333333
10028,10038,7.3
10028,10039,4.4350000000000005
10028,10044,0.918
10028,10065,1.4203225806451614
10028,10069,2.67
10028,10103,2.2983333333333333
10028,10110,2.737142857142857
10028,10111,2.476
10028,10112,4.765
10028,10115,2.4
10028,10119,4.04
10028,10152,1.48
10028,10153,2.0300000000000002
10028,10154,1.9366666666666665
10028,10162,1.4708695652173913
10028,10167,2.4099999999999997
10028,10171,2.31
10028,10199,4.452500000000001
10028,10271,7.95
10028,10278,4.9
10028,10451,3.7
10028,10454,3.565
10028,10473,6.7
10028,10474,4.0
10028,11102,4.919999999999999
10028,11105,6.57
10028,11205,10.09
10028,11217,9.33
10028,11233,10.26
10028,11371,7.778333333333333
10028,11372,6.47
10028,11373,7.5
10028,11375,8.8
10028,11422,18.19
10029,10009,3.71
10029,10012,6.465
10029,10018,5.4
10029,10019,2.916
10029,10020,3.44
10029,10021,1.424
10029,10022,2.41
10029,10023,2.20875
10029,10025,1.7439999999999998
10029,10026,1.07
10029,10027,1.975
10029,10028,0.7555555555555556
10029,10029,1.8171428571428572
10029,10032,5.654999999999999
10029,10035,0.98
10029,10037,1.415
10029,10044,1.5499999999999998
10029,10065,1.8359999999999999
10029,10103,2.5300000000000002
10029,10110,3.2
10029,10119,6.12
10029,10153,2.17
10029,10154,2.31
10029,10162,1.2779999999999998
10029,10171,3.065
10029,10199,5.37
10029,10282,7.99
10029,10455,2.69
10029,10469,9.03
10029,11102,4.7
10030,10027,1.01
10030,10030,0.8
10030,10032,3.2
10030,10037,1.35
10030,10039,0.96
10030,10471,8.53
10031,10018,6.29
10031,10023,2.76
10031,10025,1.93
10031,10027,0.49
10031,10028,5.72
10031,10029,3.1
10031,10030,0.8200000000000001
10031,10031,2.1
10031,10037,2.335
10031,10451,1.3
10031,10469,8.22
10032,10025,3.36
10032,10031,0.39
10032,10037,3.18
10032,10119,7.79
10034,10020,9.3
10034,10032,1.73
10034,10034,0.1
10034,10468,1.2
10035,10018,6.12
10035,10023,3.9
10035,10027,1.9
10035,10028,1.32
10035,10029,1.4460000000000002
10035,10035,0.375
10035,10110,5.3
10035,10454,1.3
10035,10472,5.8
10037,10018,4.5
10037,10021,3.8
10037,10026,1.4
10037,10027,1.27
10037,10029,1.5
10037,10030,0.58
10037,10037,0.0
10037,10451,1.0
10037,11216,14.69
10038,10002,1.1166666666666667
10038,10007,0.8
10038,10012,1.62
10038,10017,4.5
10038,10035,8.45
10038,10171,5.0
10038,10271,0.72
10038,10278,1.0
10038,11201,2.06
10038,11206,4.6
10038,11373,9.69
10038,11422,19.21
10039,10035,2.0
10039,10039,0.78
10044,10001,3.4575
10044,10002,5.27
10044,10003,4.34
10044,10007,6.5
10044,10009,3.6675
10044,10011,5.66
10044,10012,4.97
10044,10013,8.01
10044,10014,5.1
10044,10016,2.44
10044,10017,2.205
10044,10018,3.0766666666666667
10044,10019,3.53
10044,10020,2.6075
10044,10021,0.7113043478260871
10044,10022,1.6672727272727272
10044,10023,2.0825
10044,10025,2.9
10044,10026,2.8
10044,10028,0.9099999999999998
10044,10029,1.537692307692308
10044,10031,6.73
10044,10035,2.7
10044,10037,4.13
10044,10038,5.575
10044,10039,6.5
10044,10044,0.565
10044,10065,1.0284615384615383
10044,10069,2.3
10044,10103,1.87
10044,10110,2.8633333333333333
10044,10111,2.1333333333333333
10044,10112,2.75
10044,10119,3.495
10044,10152,2.1300000000000003
10044,10153,1.9200000000000002
10044,10154,1.5999999999999999
10044,10162,1.72
10044,10167,2.2528571428571427
10044,10199,3.465
10044,10278,6.7
10044,10280,6.55
10044,10282,7.91
10044,10454,3.8
10044,10459,6.69
10044,11105,8.24
10044,11106,3.3
10044,11201,7.745
10044,11222,4.41
10044,11370,6.87
10044,11422,19.5
10065,10001,2.1018181818181816
10065,10002,4.526666666666666
10065,10003,3.1185714285714283
10065,10005,6.4
10065,10009,2.45
10065,10011,2.9125
10065,10012,3.263333333333333
10065,10013,5.35
10065,10014,6.59
10065,10016,2.3975
10065,10017,1.612
10065,10018,2.2883333333333336
10065,10019,1.3599999999999999
10065,10020,2.263333333333333
10065,10021,0.7967441860465114
10065,10022,0.6653846153846152
10065,10023,1.7357894736842108
10065,10025,3.5
10065,10028,1.406785714285714
10065,10029,1.971
10065,10035,2.8
10065,10037,3.9
10065,10044,1.1831578947368422
10065,10065,0.9846666666666667
10065,10069,1.3
10065,10103,0.915
10065,10110,1.3914285714285715
10065,10111,0.9283333333333332
10065,10115,4.15
10065,10119,2.506666666666667
10065,10152,0.8533333333333335
10065,10153,0.6016666666666667
10065,10154,1.1524999999999999
10065,10162,2.4600000000000004
10065,10167,0.992
10065,10171,1.0899999999999999
10065,10271,5.9
10065,10278,5.9
10065,10280,6.53
10065,11103,3.97
10065,11104,3.2
10065,11105,4.2
10065,11106,2.3
10065,11109,2.9
10065,11368,8.29
10065,11371,9.3
10065,11372,5.7
10065,11373,6.45
10065,11375,7.95
10065,11377,4.04
10065,11422,18.02
10069,10001,2.22
10069,10002,4.5
10069,10003,3.68
10069,10011,3.23
10069,10014,3.06
10069,10017,2.7
10069,10018,1.4680000000000002
10069,10019,0.725
10069,10020,1.3800000000000001
10069,10021,1.885
10069,10022,1.88
10069,10023,0.7115384615384617
10069,10025,2.3175
10069,10026,2.25
10069,10028,3.2
10069,10029,3.2
10069,10034,6.78
10069,10044,2.63
10069,10065,1.3900000000000001
10069,10069,0.40666666666666673
10069,10103,0.9099999999999999
10069,10110,2.3449999999999998
10069,10111,1.4649999999999999
10069,10112,1.7
10069,10119,2.26
10069,10153,2.09
10069,10162,1.5999999999999999
10069,10199,1.4
10069,10470,12.57
10069,11371,11.335
10069,11422,17.3
10103,10001,1.515
10103,10002,3.735
10103,10003,2.89
10103,10005,6.32
10103,10006,5.984999999999999
10103,10007,4.5
10103,10009,2.6233333333333335
10103,10011,2.3584615384615386
10103,10012,3.406
10103,10014,2.98
10103,10016,1.9
10103,10017,1.6425
10103,10018,0.9625
10103,10019,0.711578947368421
10103,10020,0.62
10103,10021,1.78
10103,10022,0.8562500000000001
10103,10023,0.9753846153846155
10103,10025,2.84
10103,10026,3.8499999999999996
10103,10027,4.15
10103,10028,2.483636363636364
10103,10029,2.635
10103,10032,7.7
10103,10034,7.66
10103,10035,3.8
10103,10038,5.45
10103,10044,2.56875
10103,10065,1.1383333333333334
10103,10069,1.20875
10103,10103,0.1375
10103,10110,1.25875
10103,10111,0.4366666666666667
10103,10119,1.367272727272727
10103,10152,0.83
10103,10153,0.6033333333333334
10103,10154,1.02
10103,10162,2.1322222222222225
10103,10167,1.3599999999999999
10103,10171,0.9
10103,10199,1.9477777777777778
10103,10271,5.35
10103,10278,3.785
10103,10280,5.98
10103,10282,4.99
10103,10467,13.8
10103,10705,16.3
10103,11102,4.3
10103,11104,3.83
10103,11105,5.2
10103,11106,3.0
10103,11201,8.36
10103,11211,6.755000000000001
10103,11215,8.65
10103,11222,5.53
10103,11371,10.567142857142857
10103,11373,6.6
10103,11375,8.9
10103,11377,5.46
10103,11422,19.65
10103,11424,11.78
10110,10001,0.8402631578947366
10110,10002,3.1025
10110,10003,1.3242105263157897
10110,10005,5.0875
10110,10006,5.093333333333334
10110,10009,1.548125
10110,10011,1.74625
10110,10012,2.41375
10110,10013,3.5
10110,10014,2.308333333333333
10110,10016,1.096
10110,10017,0.846086956521739
10110,10018,1.0442105263157895
10110,10019,1.89375
10110,10020,0.7100000000000001
10110,10021,2.04
10110,10022,1.4212500000000001
10110,10023,2.7028571428571424
10110,10025,4.66
10110,10028,2.9450000000000007
10110,10029,2.9966666666666666
10110,10044,2.9387499999999998
10110,10065,1.578
10110,10069,2.42
10110,10103,0.9199999999999999
10110,10110,0.4809090909090909
10110,10111,0.92
10110,10112,0.6599999999999999
10110,10119,0.8953846153846154
10110,10152,1.02
10110,10153,1.0299999999999998
10110,10154,1.05
10110,10162,3.313333333333333
10110,10167,0.9375
10110,10171,0.735
10110,10199,1.5416666666666667
10110,10271,5.5
10110,10278,2.63
10110,10280,5.550000000000001
10110,10282,4.46
10110,10458,10.91
10110,10460,10.9
10110,10462,11.9
10110,10472,10.4
10110,11102,5.42
10110,11103,4.81
10110,11104,4.11
10110,11105,6.11
10110,11106,3.21
10110,11201,5.62
10110,11208,17.5
10110,11210,9.8
10110,11211,6.03
10110,11212,10.7
10110,11213,10.48
10110,11215,9.5
10110,11217,5.97
10110,11218,11.6
10110,11222,7.4
10110,11231,6.53
10110,11238,6.69
10110,11370,10.31
10110,11371,10.015
10110,11417,15.2
10110,11422,17.9675
10111,7114,17.57
10111,10001,1.0885714285714285
10111,10002,5.0649999999999995
10111,10003,2.3975
10111,10005,5.94
10111,10007,4.0
10111,10009,1.9
10111,10011,2.334
10111,10012,2.755
10111,10014,2.6
10111,10017,1.05
10111,10018,0.815
10111,10019,1.67
10111,10020,1.005
10111,10021,1.6216666666666664
10111,10022,0.74
10111,10023,2.8
10111,10028,1.9325
10111,10038,5.3
10111,10044,1.7
10111,10065,0.7150000000000001
10111,10110,1.116
10111,10111,0.5
10111,10112,0.5
10111,10119,1.4500000000000002
10111,10153,0.6033333333333334
10111,10162,3.3
10111,10167,0.81
10111,10171,0.35
10111,10199,2.11
10111,10278,3.47
10111,10280,6.95
10111,11367,11.31
10111,11371,10.33
10112,10001,1.31
10112,10003,1.9449999999999998
10112,10011,3.82
10112,10017,0.75
10112,10019,1.05
10112,10023,1.6
10112,10044,2.31
10112,10153,0.96
10112,10162,2.1
10112,10171,0.4
10112,11102,4.17
10112,11205,6.8
10112,11238,6.9
10115,10019,2.92
10115,10021,3.2
10115,10023,1.9775
10115,10025,0.79
10115,10026,1.05
10115,10027,0.44999999999999996
10115,10029,1.8
10115,10034,4.4
10115,10065,3.67
10115,10103,5.37
10115,10115,0.5
10115,10154,4.36
10115,10162,1.385
10115,10199,5.13
10119,10001,1.155
10119,10002,2.3466666666666667
10119,10003,1.5638461538461539
10119,10006,3.785
10119,10009,2.7866666666666666
10119,10011,1.099
10119,10012,2.1879999999999997
10119,10013,2.22
10119,10014,1.25
10119,10016,1.2299999999999998
10119,10017,1.303529411764706
10119,10018,0.7992000000000001
10119,10019,1.6179999999999999
10119,10020,1.1414285714285715
10119,10021,3.2350000000000003
10119,10022,2.1583333333333337
10119,10023,2.342
10119,10025,3.6
10119,10026,3.82
10119,10027,6.7
10119,10028,3.9699999999999998
10119,10029,3.9433333333333334
10119,10030,5.7
10119,10032,8.89
10119,10044,3.3699999999999997
10119,10065,2.635
10119,10103,1.4392307692307693
10119,10110,0.9949999999999999
10119,10111,1.3350000000000002
10119,10112,1.6
10119,10119,1.26
10119,10152,1.675
10119,10153,1.7399999999999998
10119,10154,1.9475
10119,10162,3.0828571428571427
10119,10167,1.3199999999999998
10119,10171,1.7300000000000002
10119,10199,0.786818181818182
10119,10278,3.7133333333333334
10119,10280,3.935
10119,10282,3.55
10119,10710,19.02
10119,11101,4.79
10119,11103,5.859999999999999
10119,11106,4.1
10119,11109,2.81
10119,11201,4.5
10119,11209,11.64
10119,11211,6.05
10119,11222,4.41
10119,11231,7.3
10119,11371,10.2775
10119,11372,7.41
10119,11422,16.47
10152,10001,1.63
10152,10002,3.02
10152,10003,2.1733333333333333
10152,10009,1.655
10152,10011,2.3725
10152,10012,3.0
10152,10016,1.505
10152,10017,0.845
10152,10019,2.43
10152,10021,1.4444444444444444
10152,10022,0.76
10152,10023,2.0425
10152,10028,2.0324999999999998
10152,10029,2.8
10152,10044,1.45
10152,10065,0.96
10152,10103,1.0
10152,10119,1.5
10152,10153,0.6933333333333334
10152,10154,0.3
10152,10167,0.28
10152,10171,0.33
10152,10199,2.3
10152,11201,7.25
10152,11217,8.2
10152,11374,8.58
10152,11375,8.73
10153,10001,1.6347058823529412
10153,10002,3.82
10153,10003,2.6
10153,10009,2.6
10153,10011,2.5324999999999998
10153,10012,3.632
10153,10014,3.2649999999999997
10153,10017,1.5457142857142858
10153,10018,1.3244444444444445
10153,10019,0.764
10153,10020,0.708
10153,10021,1.2504347826086957
10153,10022,0.66625
10153,10023,1.155
10153,10025,2.71
10153,10027,3.5
10153,10028,1.89
10153,10029,1.76
10153,10030,5.9
10153,10044,1.68
10153,10065,0.6755555555555556
10153,10069,2.2800000000000002
10153,10103,0.6142857142857144
10153,10110,0.91375
10153,10111,0.63
10153,10119,1.6963636363636363
10153,10153,0.44999999999999996
10153,10154,1.05
10153,10162,2.16
10153,10167,1.045
10153,10171,0.6950000000000001
10153,10199,2.223333333333333
10153,10282,4.44
10153,11101,2.15
10153,11103,3.47
10153,11106,3.236666666666667
10153,11217,9.48
10153,11233,13.35
10153,11371,10.0
10153,11372,11.11
10153,11436,17.7
10154,10001,1.8866666666666667
10154,10002,2.9
10154,10003,2.307142857142857
10154,10007,4.574999999999999
10154,10009,1.9420000000000002
10154,10011,1.97
10154,10012,2.88
10154,10013,4.3
10154,10016,1.2133333333333332
10154,10017,0.7599999999999999
10154,10018,1.504
10154,10019,1.45
10154,10020,0.74
10154,10021,1.3599999999999999
10154,10022,0.75
10154,10023,2.3433333333333333
10154,10026,4.205
10154,10027,5.5
10154,10028,2.26
10154,10029,2.735
10154,10044,1.56
10154,10065,0.7200000000000001
10154,10069,2.44
10154,10103,0.9824999999999999
10154,10110,0.98
10154,10119,1.7999999999999998
10154,10153,0.69
10154,10162,3.1
10154,10167,0.4
10154,10199,2.62
10154,10271,5.665
10154,10282,7.04
10154,10452,7.77
10154,11101,2.66
10154,11211,6.6
10154,11218,9.56
10154,11222,3.58
10154,11230,12.44
10154,11236,15.32
10154,11238,9.4
10154,11371,11.8
10154,11422,17.7
10154,11427,14.29
10162,10001,4.4
10162,10009,5.02
10162,10011,4.415
10162,10012,8.56
10162,10013,5.61
10162,10014,4.23
10162,10018,2.6950000000000003
10162,10019,2.2783333333333338
10162,10021,1.6178947368421053
10162,10022,2.8975
10162,10023,0.9061290322580645
10162,10024,1.26
10162,10025,0.748125
10162,10026,1.7225
10162,10027,1.731111111111111
10162,10028,1.6127777777777779
10162,10029,1.284
10162,10031,3.2
10162,10034,5.4
10162,10044,1.9233333333333331
10162,10065,2.2883333333333336
10162,10069,1.4
10162,10103,2.2912500000000002
10162,10110,2.9275
10162,10115,1.4300000000000002
10162,10119,3.5
10162,10153,2.2675
10162,10154,3.005
10162,10162,0.8846666666666666
10162,10167,3.2
10162,10171,2.7
10162,10199,3.6825
10162,10278,6.7
10162,10468,10.07
10162,11211,9.7
10162,11217,11.4
10162,11368,10.9
10162,11422,19.17
10167,10001,1.1311111111111112
10167,10002,3.1633333333333336
10167,10003,1.8259999999999998
10167,10005,5.2
10167,10009,2.3230000000000004
10167,10011,1.51
10167,10012,2.528
10167,10013,3.6
10167,10014,2.5
10167,10016,1.25
10167,10017,0.7784615384615384
10167,10018,0.8928571428571429
10167,10019,1.5
10167,10020,0.8933333333333334
10167,10021,1.6566666666666665
10167,10022,0.5519999999999999
10167,10023,2.5549999999999997
10167,10025,4.22
10167,10028,2.4433333333333334
10167,10035,4.45
10167,10065,1.0725
10167,10069,2.27
10167,10103,0.8225
10167,10110,0.5983333333333333
10167,10119,1.312
10167,10153,0.8233333333333334
10167,10154,0.5666666666666667
10167,10162,4.2
10167,10167,0.8933333333333334
10167,10199,1.9
10167,10278,3.06
10167,10282,4.8500000000000005
10167,11109,2.12
10167,11211,4.8
10167,11217,7.68
10167,11229,17.4
10167,11371,9.340000000000002
10167,11422,17.05
10167,11436,15.78
10171,10001,1.4100000000000001
10171,10002,3.58
10171,10003,1.9833333333333334
10171,10009,1.65
10171,10011,2.3449999999999998
10171,10012,2.9000000000000004
10171,10014,2.87
10171,10017,0.7466666666666667
10171,10018,1.0485714285714287
10171,10019,1.4
10171,10020,0.6883333333333334
10171,10021,1.42
10171,10022,0.55
10171,10023,2.15
10171,10028,2.223333333333333
10171,10044,1.5
10171,10065,1.025
10171,10103,1.1566666666666667
10171,10110,0.925
10171,10115,5.0
10171,10119,1.638
10171,10152,0.3
10171,10153,0.875
10171,10154,0.61
10171,10167,0.56
10171,10171,0.1
10171,10199,2.355
10171,10278,3.45
10171,10282,6.56
10171,11102,4.373333333333332
10171,11211,5.69
10171,11231,7.7
10171,11371,10.409999999999998
10199,10001,1.2119047619047618
10199,10002,2.61
10199,10003,1.793333333333333
10199,10007,5.1
10199,10009,2.257142857142857
10199,10011,1.208928571428571
10199,10012,2.07375
10199,10013,2.5014285714285713
10199,10014,1.2585714285714287
10199,10016,2.1
10199,10017,1.85
10199,10018,1.0663636363636364
10199,10019,1.4318181818181819
10199,10020,1.4866666666666666
10199,10021,4.05
10199,10022,2.3
10199,10023,2.412857142857143
10199,10028,4.14
10199,10029,5.505
10199,10034,9.1
10199,10044,4.305
10199,10069,1.86
10199,10103,1.6416666666666668
10199,10110,1.417142857142857
10199,10111,2.12
10199,10112,1.6
10199,10119,0.8560000000000001
10199,10153,2.3659999999999997
10199,10154,2.35
10199,10162,3.6333333333333333
10199,10167,1.4700000000000002
10199,10171,1.9849999999999999
10199,10199,1.0869230769230769
10199,10278,3.235
10199,10280,3.7
10199,10282,3.015
10199,10451,10.4
10199,10457,11.22
10199,10463,11.66
10199,11211,5.3
10199,11217,6.74
10199,11222,4.81
10199,11225,8.2
10199,11371,11.68
10199,11416,11.24
10199,11422,17.884999999999998
10271,10001,2.8
10271,10002,2.42
10271,10003,3.38
10271,10006,0.7333333333333334
10271,10009,2.57
10271,10011,2.853333333333333
10271,10012,1.6057142857142856
10271,10013,1.27
10271,10014,2.51
10271,10018,4.55
10271,10020,4.215
10271,10029,8.6
10271,10103,4.23
10271,10110,4.74
10271,10119,5.3
10271,10154,5.48
10271,10171,4.1
10271,10199,4.03
10271,10271,0.0
10271,10278,1.6466666666666665
10271,10280,6.83
10271,11211,5.23
10271,11213,6.43
10271,11217,3.1500000000000004
10271,11221,5.4
10271,11371,14.76
10278,7114,13.68
10278,10001,2.3825
10278,10002,1.6
10278,10003,1.47125
10278,10006,0.8
10278,10007,2.4475
10278,10009,2.0
10278,10011,1.636
10278,10012,0.5285714285714286
10278,10013,0.45
10278,10014,1.625
10278,10016,2.3
10278,10017,3.0149999999999997
10278,10018,3.313333333333334
10278,10022,4.1
10278,10023,5.4
10278,10025,7.23
10278,10026,6.39
10278,10028,5.88
10278,10037,10.97
10278,10038,0.8
10278,10103,4.4
10278,10110,2.8
10278,10119,2.6399999999999997
10278,10153,3.73
10278,10199,3.39
10278,10278,2.26
10278,10280,1.14
10278,10282,0.8633333333333333
10278,11201,2.39
10278,11211,6.8
10278,11217,3.59
10278,11221,4.91
10278,11231,2.9
10278,11237,7.77
10278,11238,4.5
10278,11371,11.4
10278,11379,7.66
10280,10001,4.3
10280,10002,3.4050000000000002
10280,10003,4.89
10280,10005,1.3
10280,10006,0.8
10280,10007,1.3
10280,10009,4.65
10280,10011,2.935
10280,10012,2.205
10280,10013,1.415
10280,10014,2.83
10280,10016,4.42
10280,10017,6.0
10280,10019,4.34
10280,10020,4.62
10280,10025,7.3
10280,10103,5.130000000000001
10280,10119,4.532500000000001
10280,10153,5.61
10280,10167,6.5
10280,10199,3.71
10280,10280,0.47
10280,10282,1.0
10280,10468,13.1
10280,11221,9.84
10280,11231,4.125
10280,11235,13.75
10280,11371,14.4
10282,7114,14.46
10282,10001,3.7239999999999993
10282,10002,2.124
10282,10003,2.51
10282,10005,1.43
10282,10007,0.5
10282,10009,4.42
10282,10012,1.4380000000000002
10282,10013,0.7128571428571427
10282,10014,1.9466666666666665
10282,10017,6.55
10282,10018,4.13
10282,10019,4.54
10282,10020,4.483333333333333
10282,10021,6.8
10282,10023,5.4350000000000005
10282,10025,6.5
10282,10028,9.4
10282,10044,7.88
10282,10069,4.5
10282,10103,4.75
10282,10110,5.0375
10282,10111,5.995
10282,10152,7.07
10282,10171,6.85
10282,10199,2.8099999999999996
10282,10278,1.95
10282,10280,0.7849999999999999
10282,10282,0.7133333333333334
10282,11231,3.4
10282,11422,22.5
10451,10037,1.7
10452,10452,4.32
10452,10456,1.4
10468,10034,0.545
10502,10502,25.0
11101,10001,5.6
11101,10021,2.41
11101,10022,2.07
11101,11101,0.0
11101,11104,1.28
11101,11370,5.6
11101,11373,3.45
11101,11412,14.7
11102,10016,5.89
11102,10028,4.3
11102,10103,4.45
11102,10153,3.64
11102,11102,0.8500000000000001
11102,11103,1.1800000000000002
11102,11106,1.5459999999999998
11102,11206,5.1
11102,11371,4.7
11103,10021,5.59
11103,10029,5.42
11103,11102,0.9199999999999999
11103,11103,0.6
11103,11422,14.6
11104,10021,3.4
11104,10154,3.37
11104,11101,0.65
11104,11103,1.2
11104,11104,0.38
11104,11106,1.89
11104,11109,1.6600000000000001
11104,11377,0.95
11104,11378,1.08
11105,10037,3.46
11105,11102,0.7
11105,11103,0.8
11106,10026,4.9
11106,10154,2.9
11106,11101,1.9
11106,11102,1.2
11106,11103,1.1900000000000002
11106,11104,1.75
11106,11106,0.5725
11106,11109,1.2
11106,11371,5.8
11106,11373,4.0
11109,10009,4.1
11109,10028,3.5
11109,10044,3.12
11109,10199,3.0
11109,11101,0.74
11109,11109,0.54
11109,11207,15.13
11109,11222,1.5
11109,11231,8.37
11109,11237,5.61
11109,11238,7.4
11109,11375,7.52
11201,10001,6.0
11201,10002,1.75
11201,10011,4.42
11201,10012,4.26
11201,10022,7.5
11201,10038,1.9
11201,10039,13.77
11201,10152,7.24
11201,10154,6.56
11201,10271,2.1
11201,10282,2.23
11201,11201,0.6633333333333333
11201,11204,7.14
11201,11205,1.13
11201,11206,3.4899999999999998
11201,11207,6.2
11201,11216,3.065
11201,11217,1.4775
11201,11225,3.0
11201,11226,3.83
11201,11231,1.87
11201,11233,4.85
11201,11238,2.18
11201,11372,8.8
11205,10011,3.89
11205,10012,3.4
11205,10028,7.3
11205,10038,2.56
11205,11201,1.1
11205,11205,1.4
11205,11221,2.2
11205,11233,3.7
11205,11237,2.4
11206,10002,3.3
11206,11205,0.9
11206,11206,0.7999999999999999
11206,11216,1.3
11206,11221,1.6
11206,11237,0.3
11206,11238,1.82
11207,11201,5.05
11209,10002,10.7
11210,11218,2.1
11211,10001,4.69
11211,10002,2.37
11211,10003,3.01
11211,10028,7.69
11211,10103,6.09
11211,10152,4.9
11211,11205,0.51
11211,11206,1.4425000000000001
11211,11211,1.2025000000000001
11211,11216,2.8833333333333333
11211,11221,3.3
11211,11222,0.8
11211,11225,6.2
11211,11233,4.05
11211,11237,2.9
11215,10002,3.67
11215,10119,6.9
11215,11213,3.7
11215,11220,2.375
11215,11221,3.95
11215,11226,5.81
11216,11103,11.76
11216,11205,1.6
11216,11206,3.2
11216,11233,1.6
11217,10002,2.1
11217,10009,5.0
11217,10011,3.86
11217,10017,8.5
11217,10021,9.6
11217,10044,9.74
11217,11109,6.42
11217,11201,1.14
11217,11205,1.2333333333333334
11217,11206,2.28
11217,11207,4.7
11217,11211,4.55
11217,11213,1.7
11217,11215,1.6949999999999998
11217,11216,1.8
11217,11217,1.0125
11217,11220,4.11
11217,11221,3.2
11217,11233,4.1
11217,11238,1.4100000000000001
11220,10011,1.26
11222,10002,6.62
11222,10011,8.7
11222,11211,1.2000000000000002
11222,11213,4.4
11222,11217,5.0
11222,11221,3.19
11222,11226,6.46
11222,11231,6.35
11223,10017,1.64
11224,11224,0.0
11225,11207,3.01
11225,11238,1.05
11226,11218,2.8
11231,10001,6.3
11231,10002,5.4
11231,10011,4.9
11231,10012,4.25
11231,11201,0.8859999999999999
11231,11216,2.9450000000000003
11231,11217,1.5575
11231,11220,4.5
11231,11222,6.14
11231,11231,0.6214285714285713
11233,11211,3.3
11237,10002,4.03
11237,11206,0.75
11237,11237,0.9333333333333332
11237,11378,1.7
11238,10029,9.85
11238,11205,1.6
11238,11206,2.32
11238,11211,2.64
11238,11216,1.1
11238,11217,0.88
11238,11221,2.2
11369,11372,1.8
11370,10001,9.365
11370,10009,9.62
11370,10018,8.41
11370,10026,6.05
11370,10038,11.9
11370,10103,7.1
11370,10110,10.215
11370,10167,9.66
11370,10171,8.594999999999999
11370,11205,7.2
11370,11211,6.5
11370,11217,9.8
11371,7114,30.6
11371,10001,10.232499999999998
11371,10002,9.942499999999999
11371,10003,9.791428571428572
11371,10005,11.72
11371,10006,14.7
11371,10007,11.6
11371,10009,10.34
11371,10011,11.465
11371,10012,11.524999999999999
11371,10013,12.0
11371,10014,13.59
11371,10016,8.899999999999999
11371,10017,8.5575
11371,10018,11.156666666666666
11371,10019,10.663333333333332
11371,10020,10.660833333333334
11371,10021,8.842500000000001
11371,10022,10.353333333333333
11371,10023,10.6725
11371,10025,8.8
11371,10026,7.846666666666667
11371,10027,6.8
11371,10028,8.331666666666667
11371,10029,8.3
11371,10030,7.300000000000001
11371,10034,10.9
11371,10039,8.7
11371,10044,9.1
11371,10065,9.94
11371,10069,8.58
11371,10103,10.305714285714286
11371,10110,10.202
11371,10111,10.6
11371,10119,9.806666666666667
11371,10152,10.84
11371,10153,10.8125
11371,10154,9.520000000000001
11371,10162,9.7
11371,10167,9.105
11371,10171,10.291428571428572
11371,10199,9.658333333333333
11371,10271,15.2
11371,10282,15.25
11371,10452,8.56
11371,10472,9.2
11371,10475,11.66
11371,10550,15.55
11371,10601,24.5
11371,11102,3.62
11371,11103,3.24
11371,11104,5.48
11371,11105,3.04
11371,11106,4.6
11371,11109,7.2
11371,11201,10.42
11371,11206,7.44
11371,11211,7.795
11371,11213,13.2
11371,11215,11.16
11371,11216,9.45
11371,11218,15.0
11371,11220,16.5
11371,11222,7.243333333333333
11371,11224,20.87
11371,11233,9.4
11371,11237,9.01
11371,11238,9.2
11371,11355,4.609999999999999
11371,11367,4.02
11371,11371,0.8033333333333333
11371,11372,1.71
11371,11374,4.9
11371,11377,3.01
11371,11378,5.6
11371,11379,5.5
11371,11412,10.7
11371,11426,11.98
11371,11435,12.18
11372,10002,7.6
11372,10018,0.5
11372,11103,2.4
11372,11104,2.97
11372,11373,1.26
11372,11379,1.91
11372,11422,13.9
11375,10199,10.04
11375,11424,13.0
11377,10021,4.8
11377,10022,4.18
11377,10023,6.4
11377,10028,4.9
11377,10451,9.47
11377,11101,1.8
11377,11103,0.6
11377,11104,1.56
11377,11106,1.8
11377,11377,0.865
11378,10012,6.1
11422,10001,17.383333333333333
11422,10002,19.23
11422,10003,17.9
11422,10005,20.09
11422,10009,17.643333333333334
11422,10011,18.396250000000002
11422,10012,19.087500000000002
11422,10013,19.675
11422,10014,18.916666666666668
11422,10017,17.375714285714288
11422,10018,18.728
11422,10019,19.86
11422,10020,17.612
11422,10021,20.2
11422,10022,17.1
11422,10023,20.375
11422,10025,20.16
11422,10028,19.5
11422,10029,19.049999999999997
11422,10030,18.83
11422,10031,19.68
11422,10034,20.83
11422,10035,17.16
11422,10044,18.954
11422,10065,17.363333333333333
11422,10069,18.05
11422,10103,18.552
11422,10110,17.48
11422,10111,18.1
11422,10119,17.3
11422,10153,18.189999999999998
11422,10154,17.256666666666668
11422,10162,20.48
11422,10167,17.03
11422,10171,0.0
11422,10199,18.96
11422,10280,21.7
11422,10463,24.153333333333336
11422,10468,23.4
11422,10475,22.3
11422,10803,20.24
11422,11001,10.4
11422,11096,7.1
11422,11102,14.52
11422,11103,14.469999999999999
11422,11104,15.025
11422,11105,14.799999999999999
11422,11109,16.206666666666667
11422,11201,18.8
11422,11204,19.28
11422,11205,15.783333333333333
11422,11209,20.33
11422,11211,16.442222222222224
11422,11213,24.5
11422,11215,14.219999999999999
11422,11216,10.594999999999999
11422,11217,16.15
11422,11218,25.8
11422,11221,11.129999999999999
11422,11222,16.290000000000003
11422,11223,15.12
11422,11226,16.05
11422,11229,14.7
11422,11230,17.58
11422,11231,20.825000000000003
11422,11233,9.6
11422,11235,14.94
11422,11236,13.71
11422,11238,14.925999999999998
11422,11354,10.81
11422,11356,12.4
11422,11364,13.6
11422,11365,14.16
11422,11366,9.1
11422,11367,9.9
11422,11369,12.06
11422,11370,12.5
11422,11371,12.008
11422,11373,11.4
11422,11374,8.893333333333333
11422,11375,7.955
11422,11377,14.0
11422,11379,12.93
11422,11412,4.76
11422,11417,5.96
11422,11419,5.153333333333333
11422,11422,0.7140000000000001
11422,11424,7.275
11422,11426,10.28
11422,11430,3.51
11422,11432,8.45
11422,11433,4.4
11422,11434,8.55
11422,11436,3.5
11422,11691,9.88
11430,10021,18.4
11435,10018,13.45
11435,11435,0.0
11436,7030,20.02
11436,10002,17.55
11436,10009,17.4
11436,10017,16.2
11436,10021,15.8
11436,10167,16.62
11436,10271,18.0
11436,11436,2.85
